{
  "device": "cpu",
  "model_parameters": 7609675,
  "training": {
    "best_val_loss": 1.0281501497541154,
    "best_val_perplexity": 2.7958890719701426
  },
  "evaluation": {
    "test_loss": 2.681402703693935,
    "test_perplexity": 14.605566215486448,
    "samples_generated": 10,
    "abc_validity_rate": 1.0
  },
  "patterns": {
    "total_notes": 1122,
    "keys": {
      "C": 2,
      "G": 2,
      "D": 2,
      "Bb": 2,
      "Am": 1,
      "Em": 1
    },
    "meters": {
      "4/4": 6,
      "3/4": 2,
      "6/8": 2
    },
    "top_notes": [
      [
        "E",
        178
      ],
      [
        "C",
        176
      ],
      [
        "A",
        143
      ],
      [
        "D",
        142
      ],
      [
        "F",
        126
      ],
      [
        "B",
        115
      ],
      [
        "G",
        106
      ],
      [
        "b",
        29
      ],
      [
        "f",
        27
      ],
      [
        "c",
        27
      ]
    ]
  }
}