{
  "samples": [
    {
      "index": 0,
      "text": "X:1\nT:Generated Tune\nM:4/4\nL:1/8\nK:C\n3 322zzzzfDzEDGD3| |2E24A Cz|zJ^32Cz342223zz23zFG Pz4z222z15C1zz G3F3C1zHzA2zzz ||zwzzz4 z2zzD|3E3|2|.|C2zzzz^||D |E)zzzz AD2zz|zC3C4S312|z4zzK2F2Ev222DB3z43k242zzz|32z zC23k4 :|CC ||3| z|^ EzNz||zBFk24 A4D2|zD|DzzK2zzz  zzb23z252z G2zD23zC|2C zz3zzFz452zzHE^5z3zz5zECzz2E^24z3zzBzz|   2 | |dD2EKz2zz2zC3z|23z2C3 A4zzzzzzBBz22 zz^43D3zzSACSMADAB zzzzzACzz2^GA2  A41E| F22zB34BCEFz33EE  zzAB2|G32zCDB:2| |zzzzzz|^3z^A f253zB9|B2z2DCz|3z zzCzzC| bz22z|X|FAzC2tC2zzE zz zzXv 2zzz",
      "type": "unconditional",
      "temperature": 0.8,
      "length": 513
    },
    {
      "index": 1,
      "text": "X:1\nT:Waltz\nM:3/4\nL:1/8\nK:G\n  j 2C3l |D2DG2FzzE2E23z|jz|3E zzzz:  2zzzzzbA2|Ez 1|  4C2zzz23F4CzzzzF zzzzzszzG13z082zD|s42 z^^m22zz^2 z3D3|zCE|D|A| zz2A2K242|CwABA2zz|^3|D2zzHzzB2W2GU3CzDUB:Dk3D3zz zzzz|C266z1Wt322^4| z^E |D| 13S z2zD2zzFzD^zk^ D2zEzzEH2z 2|2JAF| BGs. G  zvzz133aW22zB z|zzGF3zGB1A1| g|Czzz0224zzwzz32E2zz|C|^4DU2 CfC 42^zzXC3tA^C4zzz2:^JzzCz2C5z34z3Lz1wED|^ 5F2zzzzF2 ^2 zz221Fzzzzz^ 7C3zB2Dzz GB|Ep2zCzzEz ^z2zBzzXEE2zzC|p2zzcd zE4zz3^4S3E 22SzzGEzC1| z2EW^zF7zzzzzzb9zzzz232   zz GzzzD5z5E32 S3",
      "type": "conditional",
      "temperature": 0.9,
      "length": 513
    },
    {
      "index": 2,
      "text": "X:1\nT:Irish Jig\nM:6/8\nL:1/8\nK:D\n24FDp2b6l4222z \nAz3 AGE2b B.E2FEv4H4 z 2A223zzDACAG43 4cbzK|33zAp2p3^4|\nC^2 2|3B32^. F2|1SG1|332AAD^0EF2zz^zz4^2Fa2Dc|4BEDE\nw3CD4ja 41FBA2asG23|2|AE22j^ 5^D FA582CzH1S2  cGA4D2D ^2Fzz1F42 | ^zwGEzz |zE E)^zzz^zE fz10S21|1b PT2|23Apzz A|4Ea^H2CgBGzC7cC| 8B|zlvC z|237B2732z2 23E | E2E2 532Eszz|3351aE|2| |1BD4 BcHz225N 2z'Ezzz 2z2z3z|pz322B iCgCz2ifA bzDF W|3G2 |4zEF4BKC2234C4 ^4v^zzB214FBwz3S4a| S^22Cz4GGzzE2 c9G2| FE1zD3dC  24Bzzwz f2|K)2B3zGzGTE9 SAz2EXSB5^2z^Czz| zE|92:g3:f 2",
      "type": "conditional",
      "temperature": 1.0,
      "length": 513
    },
    {
      "index": 3,
      "text": "X:1\nT:March\nM:4/4\nL:1/16\nK:Bb\n^C|B7p ) FF|z4Jf4^|E2|2zdc||B 2zz4z3G4Ej2BSS 3z1|Cz44^E E|zzG2zBz||B1GCF||Bk4alE5G3A   F^w6f37 C24zzS\nzzzSzz,CCGw|4WwC39|5 Fz3^F3.|3 2|)|bA4zsGmWA13|F8| 21D G2C4D5HACzz'2KDBPEC3B2zzzfz ^23FD22t D|zF|z3^5E:z33TczcmwE bE7CW2zA 0GGzE  53F)1EC^34A 3zz145B4z D.4p ECz|231CzzA2dBA BzE C|zzAEzzzz2zF^2Ezz0zDC2A A:G b2G.8AF3|zz|||C2C2s E1AG|1Bss23zD2^zz|CE2.EC mAd2^ S^3zzK C5BzGC|J2AGEa2 |A 5|9z5z^2FA2D3 3BGzzF)v 3 0 1kE2E^p31 E33BzzzzOmF1D^0x3 ^z|2zc|s2G413z|3|Jz17zz|T32zJzCMz)D5|31UG322",
      "type": "conditional",
      "temperature": 1.1,
      "length": 513
    },
    {
      "index": 4,
      "text": "X:1\nT:Song in A minor\nM:4/4\nL:1/8\nK:Am\n ^EECDzCzD42.zW2 A2U2EaDF| F5p4zzzF3.7 aE^Ev23^Ezz|B589D243\nS^fE2z|zpb^22zACCPcv6E3F7AzED4G1A2UfFz zzzz B Bz1G2 C12zUw|2 3BFzwWCE5C:DDEzzz4aE^^2A |6z|2 3D .UlCG kCEP|Bz7HC1i|azzaf4G^z2^122F23 D2MAb2|5E p ^9^3A2F34| 2Cl1DS17 4T5F0E.3FF02Ez^^D  Cr.DGM2Bkz^AE34|J 4zzz|5 zfzE4FJ3| |^DzlxD2zAm 2z 1zmTB2B5^\n3zzB cDGBz2I2F7 |c^1|47Ezz)2|3F^wB2AE3A |zFGXD5|D25p^v3B42F2D A3zAizF2s:s2|4| K D2:s 21 223Ds2AC4AU^AU zzz2412^Fz|63Cl^zA2|F 7F22Az z2G1F23|EUDzSFBz D44z1bE ^D4Dz2As 2^F 3",
      "type": "conditional",
      "temperature": 1.2,
      "length": 513
    },
    {
      "index": 5,
      "text": "X:1\nT:Reel\nM:4/4\nL:1/8\nK:Em\n2A|C3|)3z3Dz2zzz 2zEzEz2z1zC^22  34323C.f3zzzDF 9|EFczzzzz2zF1ED2 |z2E2zA2F2zzz22z2z4z|z5z3 BzCzz|zAA)Fzz Azz,b1G32G2z|22E4G22FS1zzCC4^2)2z 2z34 4CM5zpz2ED E^34Wzzz33zzz1z ||z^FEzzzEzzz^zc2z22 9^ G3zpz 3G2232zzz223zzzzz2z| 23 z C4^4E^zDzz z7zzw^2GzzF Gg|3G|3Ez2 zzCC2z ^535zzzzz2z5zzzBzCE2D d FCpz zzF23zzz^4 C |zz2 2|EB| 2JbDE2|J4z zD5|AE5zz z | D 3|22fz|zzzG2zzz AD2z2zzB2A C51zz5z|D|  FC3zF5|2zz3z|zD3z2 A2Dz D64EG15 3|EzzzUz^ zzzz |2z FA2D4Fzzgzzz^zzzEE|2zA2z zzzz22z A2zzz|z^z5zz4",
      "type": "conditional",
      "temperature": 0.8,
      "length": 513
    },
    {
      "index": 6,
      "text": "X:1\nT:Generated Tune\nM:4/4\nL:1/8\nK:C\nB|B)z1F33EzdzzA32l1zzz 2  | |E^zz2z43z52Ez42zD2zzz^2|aE2DA34z|Cz53 :3zzA Dzz|23|12zz2 f3|4|i2zzz3B'zzwzzA A4E23|wG  zzz70mE||Czzz zEg|AFzzzGDA2z3zGG,zz C zzz2Fp2 2C2^m23CG2zm4zDz|3zszF|SzzzzXz122E:A^G1 4 z|CzzzzDzSzF |0G22 5C52 z25zzzzC1zzz2zDzz6zCzz3z74F2p2zzF^z33^D|zzzz zzzzzzB4K zzE3 zf|z zA| D2 zzzzzFA^B3Wz2z 3zzzCEs:5zzzz^EF11)4czzz4p zzzWF2z2z^|zz z92\"342D^DF2^3zzzvm5| |j3C5Nbzzzz Gzz3zzz1Az T Czzzzz zz3||42BF3 23z:b BC22j11 2zADD2zzz2zzK3423 BAE3zzDC|CEzc22z^2|FEF3",
      "type": "unconditional",
      "temperature": 0.9,
      "length": 513
    },
    {
      "index": 7,
      "text": "X:1\nT:Waltz\nM:3/4\nL:1/8\nK:G\n^||^zlASAbEG2zzE3^w9kEA51 z2zC3z32zzzGzz^ |4^91   x 222^22z12F2z24GlzFGF33 5AD2z3||3zA35 C2HCAJ3 z3D5| A33|Czg z73A23z322ESA2BG|ABzC6E223zs25zz3Cz:zzW:| CzCA2zCD.2GazG2| A2z2B3E2 BzC2221212BcMF3CgAvzz|9zGEz1k||:zz^2 A4z3X|  0F3 SAznzz)4F G5|3zG Ez k24EdzzT 1BAC1zBEBzzzF |3 zzzG^4EzG43sDA2zJz23| 2ffEzzz^vz3, 3JcGR FzD1CF 3||3|1zzz3A42G3|z2zC4zz 243zzC222zzAaIa1:25 :|GC2az1CEBzB^g22N2zvzz2DG^1HX^1 |)3|2223422F4 2A4zED2B DzzaF02)5 zzzSE:Dz| z Bzzz23G z21^ 7 g2CEz3Gi^A3\n4C2zb|1:T82zzz",
      "type": "conditional",
      "temperature": 1.0,
      "length": 513
    },
    {
      "index": 8,
      "text": "X:1\nT:Irish Jig\nM:6/8\nL:1/8\nK:D\na1BzB|\"Sk3\nz 32^|33|3i2z 44E2z2|4z |M0F5BE4Ez 2z5f53|^^^K CB5zi||Kp22^D3Cs2z L01USTEW2D2A 2Uzz|zzD^^22E2DGcG22FE2B2^G2:C^1czz|z^7ED539^3 C|23Eb|f2z24EF^22Ev2z22zD^^EB61 22z:E39 3|5z5GD44421k ^2D||g223HJ2zFBi3542Fzzz^pzv FB4z2z|3|aBzG5|\nJ|FC 3z2zzzC62z|2A3GA5Cv232zzzB2|Gf1D22zzz z3 s28^C|a1BAEdz)GzKazCGl4z z\n EjzSz) CE:4zz3zMplb3^3Dz74|zz4A2 z|CCF4CBX2| C3G24g|^E b23z13m5G3 262^4W 132 ^9B2wz||W2DW2z|C73^ Asz2E4\nSFC 2C3'4)2b4czW8|34^Hz32z|B13F2D2|Dczz)5U A7120t2 CD^^|pzzA14p96| ",
      "type": "conditional",
      "temperature": 1.1,
      "length": 513
    },
    {
      "index": 9,
      "text": "X:1\nT:March\nM:4/4\nL:1/16\nK:Bb\n|,DPb3^2  E EDB EG^5jAAzd^F^4jD58iD5^X1EEDzFAGz1|j7d C2z3t33128vvl3zH5S z2S12 D3TC 3JF24Aw 15f23E2EzSEAz^3z^233z4 D|B4424EH2HGKDB2D2UDDA| Ezzzm2  J GBlzAf202z0zj3KfzTApP2F3K:22^4DA24f2F2d z 23J11 PH2S4A1D2z929^ 1zE|A Cl F5.D C2C^2fz2 cFAAizzBBz|FwB1| Ez|d:F:z2DA^2^A| B2A2E2zzB   2 A6| ||B15|Bi :fb2zb5DC  04Aa 3C3298| EAWS3PKzCA^ CSz KzpE4Gx2CE|3z24 w4zzzz CFzzzzEf3|FGCs2U5B^442Jz 2dWz4\nA4 D37N S2W^igzJ4 ^7z1G25zgzcDCz3B438^9| H1 zz1533E4Cx3 ^F|\n|l^22^9Bb9|4A|.234 zc2312iD5z|w0|B",
      "type": "conditional",
      "temperature": 1.2,
      "length": 513
    }
  ]
}